feature,mean_abs_shap,group
TFIDF_SVD_2,0.37689018,TF-IDF/SVD lexical semantics
TFIDF_SVD_40,0.29803017,TF-IDF/SVD lexical semantics
TFIDF_SVD_3,0.24740152,TF-IDF/SVD lexical semantics
TFIDF_SVD_37,0.23233761,TF-IDF/SVD lexical semantics
MiniLM_emb_263,0.22512998,MiniLM semantic embedding
initial_priority_is_unknown,0.13084908,Initial-priority features
sig_crash,0.1275284,GraphLens impact signals
MiniLM_emb_48,0.12275554,MiniLM semantic embedding
TFIDF_SVD_4,0.12088246,TF-IDF/SVD lexical semantics
TFIDF_SVD_11,0.118902095,TF-IDF/SVD lexical semantics
TFIDF_SVD_52,0.10275979,TF-IDF/SVD lexical semantics
TFIDF_SVD_5,0.10197519,TF-IDF/SVD lexical semantics
MiniLM_emb_147,0.10049742,MiniLM semantic embedding
MiniLM_emb_77,0.09643704,MiniLM semantic embedding
initial_priority_is_unset,0.08792636,Initial-priority features
MiniLM_emb_306,0.08007211,MiniLM semantic embedding
MiniLM_emb_150,0.07930195,MiniLM semantic embedding
MiniLM_emb_148,0.07667368,MiniLM semantic embedding
TFIDF_SVD_28,0.07252225,TF-IDF/SVD lexical semantics
MiniLM_emb_130,0.07059998,MiniLM semantic embedding
MiniLM_emb_92,0.06979266,MiniLM semantic embedding
MiniLM_emb_126,0.0675952,MiniLM semantic embedding
TFIDF_SVD_17,0.06437849,TF-IDF/SVD lexical semantics
MiniLM_emb_368,0.063315526,MiniLM semantic embedding
TFIDF_SVD_145,0.06218602,TF-IDF/SVD lexical semantics
MiniLM_emb_344,0.060021438,MiniLM semantic embedding
TFIDF_SVD_131,0.058550615,TF-IDF/SVD lexical semantics
MiniLM_emb_181,0.058528524,MiniLM semantic embedding
MiniLM_emb_314,0.058173653,MiniLM semantic embedding
MiniLM_emb_370,0.056814134,MiniLM semantic embedding
sig_attachment,0.05648652,GraphLens impact signals
MiniLM_emb_320,0.05607169,MiniLM semantic embedding
TFIDF_SVD_63,0.054292846,TF-IDF/SVD lexical semantics
TFIDF_SVD_15,0.05426396,TF-IDF/SVD lexical semantics
MiniLM_emb_16,0.054207228,MiniLM semantic embedding
MiniLM_emb_32,0.053405866,MiniLM semantic embedding
MiniLM_emb_292,0.051960513,MiniLM semantic embedding
MiniLM_emb_332,0.051484875,MiniLM semantic embedding
MiniLM_emb_321,0.05138209,MiniLM semantic embedding
TFIDF_SVD_110,0.051153265,TF-IDF/SVD lexical semantics
MiniLM_emb_46,0.050551947,MiniLM semantic embedding
MiniLM_emb_103,0.05047099,MiniLM semantic embedding
TFIDF_SVD_181,0.05011841,TF-IDF/SVD lexical semantics
TFIDF_SVD_35,0.049747422,TF-IDF/SVD lexical semantics
TFIDF_SVD_227,0.049696226,TF-IDF/SVD lexical semantics
TFIDF_SVD_21,0.049578305,TF-IDF/SVD lexical semantics
MiniLM_emb_43,0.049312383,MiniLM semantic embedding
MiniLM_emb_247,0.04822925,MiniLM semantic embedding
MiniLM_emb_359,0.047686774,MiniLM semantic embedding
MiniLM_emb_120,0.04643593,MiniLM semantic embedding
MiniLM_emb_91,0.045234267,MiniLM semantic embedding
TFIDF_SVD_6,0.045210294,TF-IDF/SVD lexical semantics
MiniLM_emb_255,0.04482946,MiniLM semantic embedding
MiniLM_emb_119,0.044714656,MiniLM semantic embedding
MiniLM_emb_0,0.044118874,MiniLM semantic embedding
MiniLM_emb_149,0.04354042,MiniLM semantic embedding
TFIDF_SVD_187,0.04301477,TF-IDF/SVD lexical semantics
MiniLM_emb_96,0.042991176,MiniLM semantic embedding
MiniLM_emb_308,0.042831752,MiniLM semantic embedding
MiniLM_emb_191,0.04245607,MiniLM semantic embedding
summary_len_safe_log,0.04217456,Process/text metadata
TFIDF_SVD_99,0.04209601,TF-IDF/SVD lexical semantics
MiniLM_emb_295,0.04144474,MiniLM semantic embedding
MiniLM_emb_286,0.04133681,MiniLM semantic embedding
MiniLM_emb_11,0.04078781,MiniLM semantic embedding
MiniLM_emb_86,0.040669054,MiniLM semantic embedding
TFIDF_SVD_234,0.04054063,TF-IDF/SVD lexical semantics
TFIDF_SVD_70,0.040406406,TF-IDF/SVD lexical semantics
MiniLM_emb_342,0.04025248,MiniLM semantic embedding
MiniLM_emb_259,0.039546717,MiniLM semantic embedding
MiniLM_emb_363,0.03930085,MiniLM semantic embedding
MiniLM_emb_169,0.039007857,MiniLM semantic embedding
MiniLM_emb_87,0.03827947,MiniLM semantic embedding
MiniLM_emb_316,0.03825498,MiniLM semantic embedding
MiniLM_emb_280,0.03824063,MiniLM semantic embedding
MiniLM_emb_179,0.03795127,MiniLM semantic embedding
MiniLM_emb_324,0.03789334,MiniLM semantic embedding
MiniLM_emb_197,0.037502337,MiniLM semantic embedding
MiniLM_emb_155,0.036749206,MiniLM semantic embedding
uppercase_ratio,0.036026422,Other engineered metadata
MiniLM_emb_64,0.03554176,MiniLM semantic embedding
MiniLM_emb_301,0.035533253,MiniLM semantic embedding
TFIDF_SVD_1,0.03540305,TF-IDF/SVD lexical semantics
MiniLM_emb_252,0.03521252,MiniLM semantic embedding
TFIDF_SVD_195,0.03515604,TF-IDF/SVD lexical semantics
MiniLM_emb_146,0.035105076,MiniLM semantic embedding
TFIDF_SVD_73,0.034878705,TF-IDF/SVD lexical semantics
initial_priority_rank_model,0.034606017,Initial-priority features
MiniLM_emb_249,0.034488644,MiniLM semantic embedding
MiniLM_emb_235,0.034436118,MiniLM semantic embedding
TFIDF_SVD_224,0.03438779,TF-IDF/SVD lexical semantics
MiniLM_emb_163,0.034158755,MiniLM semantic embedding
MiniLM_emb_231,0.03347175,MiniLM semantic embedding
TFIDF_SVD_138,0.033358555,TF-IDF/SVD lexical semantics
MiniLM_emb_107,0.032819346,MiniLM semantic embedding
MiniLM_emb_100,0.032788433,MiniLM semantic embedding
TFIDF_SVD_250,0.032718956,TF-IDF/SVD lexical semantics
MiniLM_emb_331,0.032348543,MiniLM semantic embedding
MiniLM_emb_188,0.032084826,MiniLM semantic embedding
MiniLM_emb_20,0.031736776,MiniLM semantic embedding
MiniLM_emb_189,0.031625275,MiniLM semantic embedding
MiniLM_emb_73,0.031546064,MiniLM semantic embedding
initial_priority_urgency_score,0.030712476,Initial-priority features
MiniLM_emb_152,0.030479603,MiniLM semantic embedding
MiniLM_emb_71,0.030124718,MiniLM semantic embedding
TFIDF_SVD_14,0.030111818,TF-IDF/SVD lexical semantics
MiniLM_emb_34,0.02992357,MiniLM semantic embedding
MiniLM_emb_338,0.0299139,MiniLM semantic embedding
TFIDF_SVD_22,0.02980855,TF-IDF/SVD lexical semantics
MiniLM_emb_367,0.02968419,MiniLM semantic embedding
MiniLM_emb_329,0.029646467,MiniLM semantic embedding
TFIDF_SVD_122,0.02947209,TF-IDF/SVD lexical semantics
MiniLM_emb_300,0.029468378,MiniLM semantic embedding
TFIDF_SVD_44,0.02943417,TF-IDF/SVD lexical semantics
TFIDF_SVD_78,0.02943238,TF-IDF/SVD lexical semantics
MiniLM_emb_311,0.029208014,MiniLM semantic embedding
TFIDF_SVD_128,0.029181914,TF-IDF/SVD lexical semantics
MiniLM_emb_85,0.02912927,MiniLM semantic embedding
MiniLM_emb_297,0.029064601,MiniLM semantic embedding
TFIDF_SVD_235,0.028984636,TF-IDF/SVD lexical semantics
MiniLM_emb_8,0.028820984,MiniLM semantic embedding
MiniLM_emb_5,0.028155604,MiniLM semantic embedding
MiniLM_emb_217,0.02814487,MiniLM semantic embedding
TFIDF_SVD_7,0.02736694,TF-IDF/SVD lexical semantics
MiniLM_emb_59,0.026716115,MiniLM semantic embedding
TFIDF_SVD_27,0.026537234,TF-IDF/SVD lexical semantics
MiniLM_emb_210,0.02650052,MiniLM semantic embedding
TFIDF_SVD_92,0.026468664,TF-IDF/SVD lexical semantics
TFIDF_SVD_82,0.0263535,TF-IDF/SVD lexical semantics
word_count,0.026281651,Other engineered metadata
MiniLM_emb_15,0.026181057,MiniLM semantic embedding
MiniLM_emb_257,0.026012357,MiniLM semantic embedding
MiniLM_emb_3,0.026006883,MiniLM semantic embedding
MiniLM_emb_171,0.025978284,MiniLM semantic embedding
MiniLM_emb_276,0.025712777,MiniLM semantic embedding
TFIDF_SVD_218,0.025595123,TF-IDF/SVD lexical semantics
TFIDF_SVD_25,0.024839703,TF-IDF/SVD lexical semantics
MiniLM_emb_274,0.024493005,MiniLM semantic embedding
TFIDF_SVD_12,0.024237404,TF-IDF/SVD lexical semantics
TFIDF_SVD_229,0.024178091,TF-IDF/SVD lexical semantics
MiniLM_emb_52,0.024056321,MiniLM semantic embedding
TFIDF_SVD_103,0.023989487,TF-IDF/SVD lexical semantics
TFIDF_SVD_165,0.023972616,TF-IDF/SVD lexical semantics
TFIDF_SVD_74,0.023930343,TF-IDF/SVD lexical semantics
TFIDF_SVD_68,0.023929391,TF-IDF/SVD lexical semantics
TFIDF_SVD_42,0.023927128,TF-IDF/SVD lexical semantics
MiniLM_emb_237,0.023587616,MiniLM semantic embedding
TFIDF_SVD_164,0.023563592,TF-IDF/SVD lexical semantics
MiniLM_emb_45,0.023488149,MiniLM semantic embedding
MiniLM_emb_4,0.02347932,MiniLM semantic embedding
MiniLM_emb_350,0.022987047,MiniLM semantic embedding
TFIDF_SVD_143,0.022914892,TF-IDF/SVD lexical semantics
TFIDF_SVD_188,0.022855256,TF-IDF/SVD lexical semantics
TFIDF_SVD_211,0.022794558,TF-IDF/SVD lexical semantics
TFIDF_SVD_95,0.022671843,TF-IDF/SVD lexical semantics
TFIDF_SVD_156,0.022471974,TF-IDF/SVD lexical semantics
MiniLM_emb_68,0.022325173,MiniLM semantic embedding
MiniLM_emb_266,0.022301406,MiniLM semantic embedding
MiniLM_emb_138,0.022029515,MiniLM semantic embedding
TFIDF_SVD_36,0.02194808,TF-IDF/SVD lexical semantics
MiniLM_emb_162,0.021887269,MiniLM semantic embedding
MiniLM_emb_347,0.021651428,MiniLM semantic embedding
MiniLM_emb_224,0.02142159,MiniLM semantic embedding
MiniLM_emb_84,0.021263521,MiniLM semantic embedding
TFIDF_SVD_246,0.021261023,TF-IDF/SVD lexical semantics
MiniLM_emb_383,0.02081921,MiniLM semantic embedding
MiniLM_emb_117,0.020735148,MiniLM semantic embedding
MiniLM_emb_238,0.02033102,MiniLM semantic embedding
MiniLM_emb_282,0.020246001,MiniLM semantic embedding
TFIDF_SVD_26,0.020150281,TF-IDF/SVD lexical semantics
MiniLM_emb_124,0.020108422,MiniLM semantic embedding
TFIDF_SVD_19,0.019951668,TF-IDF/SVD lexical semantics
TFIDF_SVD_232,0.019874023,TF-IDF/SVD lexical semantics
TFIDF_SVD_32,0.019871753,TF-IDF/SVD lexical semantics
MiniLM_emb_346,0.01967426,MiniLM semantic embedding
TFIDF_SVD_115,0.019614829,TF-IDF/SVD lexical semantics
MiniLM_emb_310,0.019512616,MiniLM semantic embedding
TFIDF_SVD_136,0.019406894,TF-IDF/SVD lexical semantics
TFIDF_SVD_242,0.019405624,TF-IDF/SVD lexical semantics
MiniLM_emb_204,0.019375246,MiniLM semantic embedding
MiniLM_emb_62,0.019356588,MiniLM semantic embedding
MiniLM_emb_328,0.019174283,MiniLM semantic embedding
MiniLM_emb_193,0.01910646,MiniLM semantic embedding
MiniLM_emb_116,0.019082097,MiniLM semantic embedding
MiniLM_emb_352,0.018986357,MiniLM semantic embedding
MiniLM_emb_22,0.018959029,MiniLM semantic embedding
MiniLM_emb_175,0.018764218,MiniLM semantic embedding
TFIDF_SVD_126,0.018609295,TF-IDF/SVD lexical semantics
TFIDF_SVD_61,0.018527104,TF-IDF/SVD lexical semantics
TFIDF_SVD_41,0.018424898,TF-IDF/SVD lexical semantics
MiniLM_emb_18,0.01836645,MiniLM semantic embedding
TFIDF_SVD_31,0.018354798,TF-IDF/SVD lexical semantics
MiniLM_emb_14,0.018169142,MiniLM semantic embedding
MiniLM_emb_19,0.018165514,MiniLM semantic embedding
MiniLM_emb_185,0.017896336,MiniLM semantic embedding
MiniLM_emb_348,0.017793985,MiniLM semantic embedding
TFIDF_SVD_240,0.017462378,TF-IDF/SVD lexical semantics
TFIDF_SVD_185,0.01745973,TF-IDF/SVD lexical semantics
MiniLM_emb_357,0.017377475,MiniLM semantic embedding
MiniLM_emb_82,0.017296854,MiniLM semantic embedding
MiniLM_emb_111,0.01720291,MiniLM semantic embedding
MiniLM_emb_47,0.016898802,MiniLM semantic embedding
MiniLM_emb_230,0.016796794,MiniLM semantic embedding
MiniLM_emb_272,0.016755195,MiniLM semantic embedding
MiniLM_emb_112,0.016663868,MiniLM semantic embedding
MiniLM_emb_254,0.01665541,MiniLM semantic embedding
TFIDF_SVD_182,0.01660732,TF-IDF/SVD lexical semantics
MiniLM_emb_21,0.016588528,MiniLM semantic embedding
MiniLM_emb_372,0.016431041,MiniLM semantic embedding
MiniLM_emb_23,0.016419837,MiniLM semantic embedding
MiniLM_emb_239,0.016315145,MiniLM semantic embedding
TFIDF_SVD_190,0.016315013,TF-IDF/SVD lexical semantics
MiniLM_emb_296,0.016302979,MiniLM semantic embedding
MiniLM_emb_211,0.016167615,MiniLM semantic embedding
MiniLM_emb_36,0.016043864,MiniLM semantic embedding
MiniLM_emb_166,0.015960705,MiniLM semantic embedding
TFIDF_SVD_220,0.015551048,TF-IDF/SVD lexical semantics
MiniLM_emb_253,0.01551924,MiniLM semantic embedding
MiniLM_emb_80,0.015481186,MiniLM semantic embedding
TFIDF_SVD_206,0.015415024,TF-IDF/SVD lexical semantics
TFIDF_SVD_107,0.015408971,TF-IDF/SVD lexical semantics
MiniLM_emb_42,0.015394579,MiniLM semantic embedding
MiniLM_emb_99,0.015301583,MiniLM semantic embedding
MiniLM_emb_133,0.015290282,MiniLM semantic embedding
TFIDF_SVD_239,0.015274419,TF-IDF/SVD lexical semantics
TFIDF_SVD_155,0.015199449,TF-IDF/SVD lexical semantics
MiniLM_emb_262,0.014996718,MiniLM semantic embedding
MiniLM_emb_114,0.014958028,MiniLM semantic embedding
TFIDF_SVD_238,0.014837368,TF-IDF/SVD lexical semantics
TFIDF_SVD_116,0.01447088,TF-IDF/SVD lexical semantics
MiniLM_emb_194,0.0143688675,MiniLM semantic embedding
MiniLM_emb_184,0.0143533675,MiniLM semantic embedding
TFIDF_SVD_119,0.014185332,TF-IDF/SVD lexical semantics
MiniLM_emb_180,0.014170199,MiniLM semantic embedding
MiniLM_emb_284,0.0140226325,MiniLM semantic embedding
MiniLM_emb_322,0.014004894,MiniLM semantic embedding
sig_ui_minor,0.013924419,GraphLens impact signals
MiniLM_emb_67,0.013919943,MiniLM semantic embedding
TFIDF_SVD_133,0.013908198,TF-IDF/SVD lexical semantics
MiniLM_emb_61,0.013886884,MiniLM semantic embedding
TFIDF_SVD_29,0.013599102,TF-IDF/SVD lexical semantics
MiniLM_emb_90,0.0135605745,MiniLM semantic embedding
has_steps_to_reproduce,0.01353526,Process/text metadata
MiniLM_emb_293,0.013533895,MiniLM semantic embedding
MiniLM_emb_74,0.013507987,MiniLM semantic embedding
MiniLM_emb_365,0.013363314,MiniLM semantic embedding
TFIDF_SVD_117,0.013363018,TF-IDF/SVD lexical semantics
MiniLM_emb_110,0.013299457,MiniLM semantic embedding
MiniLM_emb_216,0.013269795,MiniLM semantic embedding
TFIDF_SVD_48,0.013176868,TF-IDF/SVD lexical semantics
MiniLM_emb_277,0.01314929,MiniLM semantic embedding
MiniLM_emb_172,0.013149118,MiniLM semantic embedding
MiniLM_emb_7,0.013131493,MiniLM semantic embedding
TFIDF_SVD_184,0.0131067755,TF-IDF/SVD lexical semantics
MiniLM_emb_222,0.013019747,MiniLM semantic embedding
MiniLM_emb_153,0.013009981,MiniLM semantic embedding
MiniLM_emb_219,0.012963424,MiniLM semantic embedding
TFIDF_SVD_208,0.012935433,TF-IDF/SVD lexical semantics
MiniLM_emb_190,0.0127947,MiniLM semantic embedding
TFIDF_SVD_53,0.012785846,TF-IDF/SVD lexical semantics
TFIDF_SVD_231,0.0127288,TF-IDF/SVD lexical semantics
TFIDF_SVD_132,0.0126757305,TF-IDF/SVD lexical semantics
TFIDF_SVD_112,0.012572486,TF-IDF/SVD lexical semantics
MiniLM_emb_281,0.012509349,MiniLM semantic embedding
MiniLM_emb_186,0.012458642,MiniLM semantic embedding
MiniLM_emb_290,0.012414503,MiniLM semantic embedding
MiniLM_emb_248,0.012398665,MiniLM semantic embedding
MiniLM_emb_158,0.012323848,MiniLM semantic embedding
graphlens_signal_count,0.012134814,GraphLens impact signals
TFIDF_SVD_113,0.012071968,TF-IDF/SVD lexical semantics
TFIDF_SVD_13,0.012048298,TF-IDF/SVD lexical semantics
MiniLM_emb_213,0.012034252,MiniLM semantic embedding
MiniLM_emb_50,0.011916023,MiniLM semantic embedding
TFIDF_SVD_72,0.0118865585,TF-IDF/SVD lexical semantics
MiniLM_emb_173,0.011874154,MiniLM semantic embedding
MiniLM_emb_75,0.011843431,MiniLM semantic embedding
TFIDF_SVD_50,0.011814623,TF-IDF/SVD lexical semantics
MiniLM_emb_298,0.011793843,MiniLM semantic embedding
MiniLM_emb_341,0.01175494,MiniLM semantic embedding
TFIDF_SVD_137,0.011709458,TF-IDF/SVD lexical semantics
punctuation_density,0.011636278,Other engineered metadata
MiniLM_emb_159,0.011596267,MiniLM semantic embedding
TFIDF_SVD_173,0.011580572,TF-IDF/SVD lexical semantics
TFIDF_SVD_0,0.011575387,TF-IDF/SVD lexical semantics
MiniLM_emb_243,0.011573983,MiniLM semantic embedding
TFIDF_SVD_39,0.0113481525,TF-IDF/SVD lexical semantics
MiniLM_emb_198,0.011320913,MiniLM semantic embedding
TFIDF_SVD_24,0.011308592,TF-IDF/SVD lexical semantics
TFIDF_SVD_201,0.011272328,TF-IDF/SVD lexical semantics
TFIDF_SVD_129,0.0112597495,TF-IDF/SVD lexical semantics
MiniLM_emb_327,0.011259326,MiniLM semantic embedding
MiniLM_emb_256,0.011229451,MiniLM semantic embedding
TFIDF_SVD_223,0.0110984,TF-IDF/SVD lexical semantics
MiniLM_emb_69,0.0109726265,MiniLM semantic embedding
TFIDF_SVD_47,0.0108868005,TF-IDF/SVD lexical semantics
TFIDF_SVD_144,0.010741235,TF-IDF/SVD lexical semantics
TFIDF_SVD_120,0.01067881,TF-IDF/SVD lexical semantics
MiniLM_emb_176,0.010670817,MiniLM semantic embedding
MiniLM_emb_335,0.010396365,MiniLM semantic embedding
MiniLM_emb_144,0.010377294,MiniLM semantic embedding
TFIDF_SVD_64,0.010372612,TF-IDF/SVD lexical semantics
TFIDF_SVD_87,0.0103151575,TF-IDF/SVD lexical semantics
MiniLM_emb_31,0.010182997,MiniLM semantic embedding
MiniLM_emb_267,0.01017359,MiniLM semantic embedding
MiniLM_emb_340,0.01004402,MiniLM semantic embedding
MiniLM_emb_305,0.009972554,MiniLM semantic embedding
MiniLM_emb_115,0.009891446,MiniLM semantic embedding
MiniLM_emb_226,0.009865462,MiniLM semantic embedding
TFIDF_SVD_80,0.009798079,TF-IDF/SVD lexical semantics
initial_priority_is_p1,0.009775433,Initial-priority features
TFIDF_SVD_8,0.009771879,TF-IDF/SVD lexical semantics
MiniLM_emb_313,0.009765712,MiniLM semantic embedding
MiniLM_emb_143,0.009758898,MiniLM semantic embedding
MiniLM_emb_17,0.009724724,MiniLM semantic embedding
MiniLM_emb_53,0.009407471,MiniLM semantic embedding
MiniLM_emb_285,0.00937362,MiniLM semantic embedding
MiniLM_emb_55,0.009322538,MiniLM semantic embedding
TFIDF_SVD_71,0.009298874,TF-IDF/SVD lexical semantics
MiniLM_emb_70,0.0092967395,MiniLM semantic embedding
TFIDF_SVD_45,0.00921194,TF-IDF/SVD lexical semantics
TFIDF_SVD_226,0.009195101,TF-IDF/SVD lexical semantics
TFIDF_SVD_83,0.00916785,TF-IDF/SVD lexical semantics
MiniLM_emb_366,0.009140591,MiniLM semantic embedding
MiniLM_emb_54,0.009123626,MiniLM semantic embedding
MiniLM_emb_205,0.009092023,MiniLM semantic embedding
MiniLM_emb_93,0.009049063,MiniLM semantic embedding
MiniLM_emb_164,0.009042672,MiniLM semantic embedding
TFIDF_SVD_23,0.0090339575,TF-IDF/SVD lexical semantics
TFIDF_SVD_153,0.008964935,TF-IDF/SVD lexical semantics
MiniLM_emb_355,0.008955993,MiniLM semantic embedding
TFIDF_SVD_170,0.008762238,TF-IDF/SVD lexical semantics
MiniLM_emb_264,0.008723466,MiniLM semantic embedding
MiniLM_emb_203,0.008683533,MiniLM semantic embedding
TFIDF_SVD_151,0.0085853385,TF-IDF/SVD lexical semantics
MiniLM_emb_29,0.008495854,MiniLM semantic embedding
TFIDF_SVD_243,0.008445531,TF-IDF/SVD lexical semantics
TFIDF_SVD_172,0.00843318,TF-IDF/SVD lexical semantics
MiniLM_emb_199,0.008359646,MiniLM semantic embedding
TFIDF_SVD_125,0.008293219,TF-IDF/SVD lexical semantics
TFIDF_SVD_216,0.008256707,TF-IDF/SVD lexical semantics
MiniLM_emb_270,0.008237067,MiniLM semantic embedding
MiniLM_emb_302,0.008162602,MiniLM semantic embedding
MiniLM_emb_265,0.008087961,MiniLM semantic embedding
TFIDF_SVD_174,0.007961159,TF-IDF/SVD lexical semantics
MiniLM_emb_39,0.007887133,MiniLM semantic embedding
TFIDF_SVD_183,0.007853648,TF-IDF/SVD lexical semantics
MiniLM_emb_104,0.00783435,MiniLM semantic embedding
TFIDF_SVD_167,0.0078329295,TF-IDF/SVD lexical semantics
MiniLM_emb_27,0.007820813,MiniLM semantic embedding
TFIDF_SVD_97,0.0077704666,TF-IDF/SVD lexical semantics
TFIDF_SVD_163,0.0077450937,TF-IDF/SVD lexical semantics
MiniLM_emb_303,0.0077445772,MiniLM semantic embedding
MiniLM_emb_79,0.007736937,MiniLM semantic embedding
MiniLM_emb_382,0.0077175284,MiniLM semantic embedding
MiniLM_emb_201,0.007693893,MiniLM semantic embedding
MiniLM_emb_137,0.007691382,MiniLM semantic embedding
TFIDF_SVD_245,0.0076882294,TF-IDF/SVD lexical semantics
MiniLM_emb_12,0.0074790167,MiniLM semantic embedding
MiniLM_emb_125,0.0074451207,MiniLM semantic embedding
TFIDF_SVD_236,0.0074284943,TF-IDF/SVD lexical semantics
MiniLM_emb_98,0.007407604,MiniLM semantic embedding
TFIDF_SVD_154,0.0073802853,TF-IDF/SVD lexical semantics
TFIDF_SVD_249,0.0073685297,TF-IDF/SVD lexical semantics
MiniLM_emb_101,0.0073221996,MiniLM semantic embedding
TFIDF_SVD_139,0.007263533,TF-IDF/SVD lexical semantics
MiniLM_emb_83,0.0072263675,MiniLM semantic embedding
MiniLM_emb_378,0.007201837,MiniLM semantic embedding
MiniLM_emb_202,0.007191713,MiniLM semantic embedding
MiniLM_emb_40,0.007183322,MiniLM semantic embedding
MiniLM_emb_56,0.007181016,MiniLM semantic embedding
MiniLM_emb_196,0.007130901,MiniLM semantic embedding
TFIDF_SVD_43,0.0070871026,TF-IDF/SVD lexical semantics
TFIDF_SVD_217,0.007082624,TF-IDF/SVD lexical semantics
TFIDF_SVD_49,0.00698173,TF-IDF/SVD lexical semantics
char_count,0.006963795,Other engineered metadata
MiniLM_emb_360,0.006939806,MiniLM semantic embedding
TFIDF_SVD_178,0.0068846806,TF-IDF/SVD lexical semantics
MiniLM_emb_312,0.0067978012,MiniLM semantic embedding
initial_priority_is_p3,0.0067539085,Initial-priority features
TFIDF_SVD_20,0.006698856,TF-IDF/SVD lexical semantics
MiniLM_emb_315,0.0066473675,MiniLM semantic embedding
TFIDF_SVD_248,0.0065371147,TF-IDF/SVD lexical semantics
MiniLM_emb_289,0.0065336665,MiniLM semantic embedding
MiniLM_emb_161,0.0065333266,MiniLM semantic embedding
MiniLM_emb_319,0.0065234974,MiniLM semantic embedding
MiniLM_emb_200,0.00651779,MiniLM semantic embedding
MiniLM_emb_94,0.00647505,MiniLM semantic embedding
MiniLM_emb_375,0.0064588324,MiniLM semantic embedding
MiniLM_emb_214,0.0064292853,MiniLM semantic embedding
TFIDF_SVD_134,0.006414689,TF-IDF/SVD lexical semantics
MiniLM_emb_127,0.006407844,MiniLM semantic embedding
MiniLM_emb_223,0.006384676,MiniLM semantic embedding
TFIDF_SVD_108,0.006359124,TF-IDF/SVD lexical semantics
TFIDF_SVD_214,0.006214712,TF-IDF/SVD lexical semantics
MiniLM_emb_89,0.0061863386,MiniLM semantic embedding
MiniLM_emb_258,0.006177653,MiniLM semantic embedding
MiniLM_emb_154,0.006078803,MiniLM semantic embedding
TFIDF_SVD_213,0.006058056,TF-IDF/SVD lexical semantics
MiniLM_emb_136,0.006055545,MiniLM semantic embedding
MiniLM_emb_208,0.0060460763,MiniLM semantic embedding
MiniLM_emb_95,0.006039364,MiniLM semantic embedding
MiniLM_emb_26,0.0060296175,MiniLM semantic embedding
TFIDF_SVD_46,0.006000445,TF-IDF/SVD lexical semantics
MiniLM_emb_123,0.0059927735,MiniLM semantic embedding
MiniLM_emb_178,0.005952606,MiniLM semantic embedding
MiniLM_emb_174,0.005948767,MiniLM semantic embedding
TFIDF_SVD_251,0.005902024,TF-IDF/SVD lexical semantics
MiniLM_emb_275,0.005892166,MiniLM semantic embedding
MiniLM_emb_318,0.0058347783,MiniLM semantic embedding
MiniLM_emb_351,0.0058143134,MiniLM semantic embedding
TFIDF_SVD_241,0.005809925,TF-IDF/SVD lexical semantics
MiniLM_emb_132,0.005796437,MiniLM semantic embedding
MiniLM_emb_374,0.0057856953,MiniLM semantic embedding
MiniLM_emb_66,0.0057824324,MiniLM semantic embedding
TFIDF_SVD_60,0.0057807025,TF-IDF/SVD lexical semantics
TFIDF_SVD_38,0.005746402,TF-IDF/SVD lexical semantics
TFIDF_SVD_18,0.005666764,TF-IDF/SVD lexical semantics
TFIDF_SVD_160,0.005642829,TF-IDF/SVD lexical semantics
TFIDF_SVD_209,0.0056116427,TF-IDF/SVD lexical semantics
TFIDF_SVD_79,0.0055739665,TF-IDF/SVD lexical semantics
MiniLM_emb_373,0.005563862,MiniLM semantic embedding
MiniLM_emb_309,0.005559288,MiniLM semantic embedding
MiniLM_emb_246,0.0055431463,MiniLM semantic embedding
TFIDF_SVD_212,0.005521658,TF-IDF/SVD lexical semantics
MiniLM_emb_167,0.005517635,MiniLM semantic embedding
TFIDF_SVD_101,0.005517009,TF-IDF/SVD lexical semantics
MiniLM_emb_269,0.005386273,MiniLM semantic embedding
TFIDF_SVD_84,0.0053765927,TF-IDF/SVD lexical semantics
TFIDF_SVD_179,0.0052475324,TF-IDF/SVD lexical semantics
MiniLM_emb_122,0.005187285,MiniLM semantic embedding
sig_security,0.0051667327,GraphLens impact signals
MiniLM_emb_25,0.005162379,MiniLM semantic embedding
MiniLM_emb_206,0.005113846,MiniLM semantic embedding
TFIDF_SVD_96,0.0050990004,TF-IDF/SVD lexical semantics
TFIDF_SVD_219,0.00508817,TF-IDF/SVD lexical semantics
MiniLM_emb_232,0.005080329,MiniLM semantic embedding
TFIDF_SVD_51,0.005072796,TF-IDF/SVD lexical semantics
TFIDF_SVD_192,0.0049984786,TF-IDF/SVD lexical semantics
MiniLM_emb_380,0.004992114,MiniLM semantic embedding
TFIDF_SVD_177,0.0049913283,TF-IDF/SVD lexical semantics
MiniLM_emb_260,0.00496676,MiniLM semantic embedding
TFIDF_SVD_30,0.0049247365,TF-IDF/SVD lexical semantics
TFIDF_SVD_34,0.004906976,TF-IDF/SVD lexical semantics
TFIDF_SVD_102,0.004870029,TF-IDF/SVD lexical semantics
bug_report_text_missing,0.004843784,Process/text metadata
MiniLM_emb_183,0.004827065,MiniLM semantic embedding
TFIDF_SVD_123,0.0048099025,TF-IDF/SVD lexical semantics
MiniLM_emb_51,0.0047951527,MiniLM semantic embedding
TFIDF_SVD_168,0.004792913,TF-IDF/SVD lexical semantics
TFIDF_SVD_200,0.004785235,TF-IDF/SVD lexical semantics
MiniLM_emb_323,0.004756474,MiniLM semantic embedding
MiniLM_emb_326,0.0047370414,MiniLM semantic embedding
TFIDF_SVD_118,0.004702621,TF-IDF/SVD lexical semantics
MiniLM_emb_97,0.004668443,MiniLM semantic embedding
MiniLM_emb_57,0.0046601794,MiniLM semantic embedding
MiniLM_emb_192,0.0046405895,MiniLM semantic embedding
MiniLM_emb_240,0.0046247747,MiniLM semantic embedding
MiniLM_emb_30,0.0046158847,MiniLM semantic embedding
MiniLM_emb_1,0.004562273,MiniLM semantic embedding
MiniLM_emb_353,0.0045382003,MiniLM semantic embedding
TFIDF_SVD_66,0.0045311153,TF-IDF/SVD lexical semantics
TFIDF_SVD_230,0.00452518,TF-IDF/SVD lexical semantics
TFIDF_SVD_55,0.0044882516,TF-IDF/SVD lexical semantics
MiniLM_emb_236,0.004485368,MiniLM semantic embedding
TFIDF_SVD_69,0.0044777524,TF-IDF/SVD lexical semantics
MiniLM_emb_278,0.0044775605,MiniLM semantic embedding
TFIDF_SVD_65,0.0044745393,TF-IDF/SVD lexical semantics
MiniLM_emb_356,0.0044636605,MiniLM semantic embedding
TFIDF_SVD_127,0.004461663,TF-IDF/SVD lexical semantics
TFIDF_SVD_91,0.004389011,TF-IDF/SVD lexical semantics
MiniLM_emb_151,0.0043687597,MiniLM semantic embedding
MiniLM_emb_165,0.004340657,MiniLM semantic embedding
TFIDF_SVD_228,0.0041954657,TF-IDF/SVD lexical semantics
MiniLM_emb_358,0.004181047,MiniLM semantic embedding
MiniLM_emb_37,0.0041604037,MiniLM semantic embedding
TFIDF_SVD_94,0.0041551194,TF-IDF/SVD lexical semantics
TFIDF_SVD_88,0.004117871,TF-IDF/SVD lexical semantics
MiniLM_emb_225,0.0041171587,MiniLM semantic embedding
MiniLM_emb_228,0.00411156,MiniLM semantic embedding
MiniLM_emb_381,0.00407908,MiniLM semantic embedding
TFIDF_SVD_210,0.0040381756,TF-IDF/SVD lexical semantics
MiniLM_emb_41,0.004030709,MiniLM semantic embedding
TFIDF_SVD_59,0.00402546,TF-IDF/SVD lexical semantics
MiniLM_emb_195,0.004021617,MiniLM semantic embedding
TFIDF_SVD_9,0.003967472,TF-IDF/SVD lexical semantics
MiniLM_emb_109,0.003918258,MiniLM semantic embedding
TFIDF_SVD_253,0.0038649552,TF-IDF/SVD lexical semantics
MiniLM_emb_33,0.0038216612,MiniLM semantic embedding
MiniLM_emb_157,0.0038213038,MiniLM semantic embedding
TFIDF_SVD_57,0.003765107,TF-IDF/SVD lexical semantics
MiniLM_emb_135,0.0037551036,MiniLM semantic embedding
MiniLM_emb_215,0.00375475,MiniLM semantic embedding
MiniLM_emb_268,0.0037323076,MiniLM semantic embedding
MiniLM_emb_227,0.0036885056,MiniLM semantic embedding
MiniLM_emb_244,0.0036573336,MiniLM semantic embedding
TFIDF_SVD_221,0.0036465093,TF-IDF/SVD lexical semantics
MiniLM_emb_220,0.0036340097,MiniLM semantic embedding
TFIDF_SVD_85,0.0036211454,TF-IDF/SVD lexical semantics
MiniLM_emb_72,0.0036132014,MiniLM semantic embedding
TFIDF_SVD_193,0.003603147,TF-IDF/SVD lexical semantics
TFIDF_SVD_186,0.0035823334,TF-IDF/SVD lexical semantics
MiniLM_emb_250,0.0035721636,MiniLM semantic embedding
MiniLM_emb_105,0.0035449269,MiniLM semantic embedding
MiniLM_emb_261,0.0035415734,MiniLM semantic embedding
sig_html_render,0.003519847,GraphLens impact signals
TFIDF_SVD_89,0.0035163714,TF-IDF/SVD lexical semantics
MiniLM_emb_9,0.0034938161,MiniLM semantic embedding
TFIDF_SVD_121,0.00348209,TF-IDF/SVD lexical semantics
bug_text_len_safe_log,0.0034377698,Process/text metadata
MiniLM_emb_291,0.0034314836,MiniLM semantic embedding
MiniLM_emb_187,0.0034302394,MiniLM semantic embedding
MiniLM_emb_142,0.003425465,MiniLM semantic embedding
MiniLM_emb_118,0.0034088844,MiniLM semantic embedding
TFIDF_SVD_222,0.0034008091,TF-IDF/SVD lexical semantics
TFIDF_SVD_62,0.0033953558,TF-IDF/SVD lexical semantics
MiniLM_emb_354,0.0033691663,MiniLM semantic embedding
TFIDF_SVD_255,0.0033520279,TF-IDF/SVD lexical semantics
TFIDF_SVD_81,0.0033466618,TF-IDF/SVD lexical semantics
model_text_len_safe_log,0.0033317807,Process/text metadata
TFIDF_SVD_199,0.0033244702,TF-IDF/SVD lexical semantics
MiniLM_emb_377,0.0033097223,MiniLM semantic embedding
TFIDF_SVD_56,0.0033036594,TF-IDF/SVD lexical semantics
TFIDF_SVD_244,0.0032733805,TF-IDF/SVD lexical semantics
MiniLM_emb_24,0.0032225333,MiniLM semantic embedding
MiniLM_emb_317,0.0032201475,MiniLM semantic embedding
TFIDF_SVD_140,0.003203819,TF-IDF/SVD lexical semantics
MiniLM_emb_221,0.0031709762,MiniLM semantic embedding
TFIDF_SVD_197,0.0031629256,TF-IDF/SVD lexical semantics
MiniLM_emb_78,0.0031567104,MiniLM semantic embedding
MiniLM_emb_345,0.0031353198,MiniLM semantic embedding
MiniLM_emb_233,0.0031166987,MiniLM semantic embedding
TFIDF_SVD_149,0.0031133618,TF-IDF/SVD lexical semantics
TFIDF_SVD_171,0.0030990625,TF-IDF/SVD lexical semantics
MiniLM_emb_287,0.0030909039,MiniLM semantic embedding
TFIDF_SVD_207,0.0030809883,TF-IDF/SVD lexical semantics
MiniLM_emb_288,0.003078899,MiniLM semantic embedding
TFIDF_SVD_196,0.00307207,TF-IDF/SVD lexical semantics
MiniLM_emb_273,0.0030596114,MiniLM semantic embedding
TFIDF_SVD_106,0.0029933248,TF-IDF/SVD lexical semantics
MiniLM_emb_38,0.0029815761,MiniLM semantic embedding
TFIDF_SVD_175,0.0029790683,TF-IDF/SVD lexical semantics
MiniLM_emb_113,0.0029418094,MiniLM semantic embedding
TFIDF_SVD_158,0.0029393325,TF-IDF/SVD lexical semantics
TFIDF_SVD_135,0.0029348207,TF-IDF/SVD lexical semantics
MiniLM_emb_209,0.002916515,MiniLM semantic embedding
MiniLM_emb_160,0.0029123765,MiniLM semantic embedding
TFIDF_SVD_58,0.002905416,TF-IDF/SVD lexical semantics
TFIDF_SVD_198,0.0028849281,TF-IDF/SVD lexical semantics
TFIDF_SVD_166,0.0028817155,TF-IDF/SVD lexical semantics
MiniLM_emb_131,0.0028642216,MiniLM semantic embedding
TFIDF_SVD_191,0.002849737,TF-IDF/SVD lexical semantics
MiniLM_emb_6,0.0028488138,MiniLM semantic embedding
MiniLM_emb_361,0.0028344174,MiniLM semantic embedding
MiniLM_emb_369,0.0027818026,MiniLM semantic embedding
MiniLM_emb_294,0.0027648392,MiniLM semantic embedding
MiniLM_emb_336,0.0027487855,MiniLM semantic embedding
MiniLM_emb_156,0.002745828,MiniLM semantic embedding
TFIDF_SVD_16,0.0027377377,TF-IDF/SVD lexical semantics
MiniLM_emb_241,0.0027305281,MiniLM semantic embedding
TFIDF_SVD_161,0.0027262357,TF-IDF/SVD lexical semantics
MiniLM_emb_106,0.0027166188,MiniLM semantic embedding
MiniLM_emb_88,0.0027082122,MiniLM semantic embedding
TFIDF_SVD_114,0.0027058537,TF-IDF/SVD lexical semantics
TFIDF_SVD_203,0.0027030853,TF-IDF/SVD lexical semantics
MiniLM_emb_333,0.0026893034,MiniLM semantic embedding
MiniLM_emb_168,0.0026801415,MiniLM semantic embedding
TFIDF_SVD_152,0.002668227,TF-IDF/SVD lexical semantics
MiniLM_emb_145,0.0026621746,MiniLM semantic embedding
MiniLM_emb_207,0.002628301,MiniLM semantic embedding
MiniLM_emb_58,0.0026155289,MiniLM semantic embedding
TFIDF_SVD_98,0.0026051714,TF-IDF/SVD lexical semantics
TFIDF_SVD_215,0.002600162,TF-IDF/SVD lexical semantics
MiniLM_emb_339,0.0025574167,MiniLM semantic embedding
MiniLM_emb_330,0.0025366405,MiniLM semantic embedding
MiniLM_emb_245,0.002525893,MiniLM semantic embedding
MiniLM_emb_128,0.0025050486,MiniLM semantic embedding
MiniLM_emb_337,0.0025050219,MiniLM semantic embedding
MiniLM_emb_129,0.0024761467,MiniLM semantic embedding
TFIDF_SVD_124,0.002463419,TF-IDF/SVD lexical semantics
TFIDF_SVD_111,0.002456915,TF-IDF/SVD lexical semantics
TFIDF_SVD_159,0.0024511586,TF-IDF/SVD lexical semantics
TFIDF_SVD_75,0.0024500235,TF-IDF/SVD lexical semantics
MiniLM_emb_35,0.0024473995,MiniLM semantic embedding
TFIDF_SVD_176,0.002443538,TF-IDF/SVD lexical semantics
MiniLM_emb_271,0.0024406572,MiniLM semantic embedding
MiniLM_emb_283,0.002423536,MiniLM semantic embedding
MiniLM_emb_121,0.0024118414,MiniLM semantic embedding
TFIDF_SVD_54,0.002404555,TF-IDF/SVD lexical semantics
MiniLM_emb_304,0.0023768644,MiniLM semantic embedding
MiniLM_emb_242,0.002373818,MiniLM semantic embedding
TFIDF_SVD_10,0.0023589323,TF-IDF/SVD lexical semantics
MiniLM_emb_177,0.0023434083,MiniLM semantic embedding
TFIDF_SVD_67,0.0023418516,TF-IDF/SVD lexical semantics
TFIDF_SVD_77,0.0023232119,TF-IDF/SVD lexical semantics
MiniLM_emb_362,0.0022931586,MiniLM semantic embedding
MiniLM_emb_371,0.002281517,MiniLM semantic embedding
MiniLM_emb_63,0.0022758062,MiniLM semantic embedding
sig_account,0.0022472444,GraphLens impact signals
MiniLM_emb_229,0.0022350226,MiniLM semantic embedding
MiniLM_emb_251,0.0022330643,MiniLM semantic embedding
MiniLM_emb_212,0.002214071,MiniLM semantic embedding
MiniLM_emb_76,0.0021976412,MiniLM semantic embedding
TFIDF_SVD_100,0.0021964898,TF-IDF/SVD lexical semantics
TFIDF_SVD_205,0.0021803125,TF-IDF/SVD lexical semantics
TFIDF_SVD_247,0.0021737562,TF-IDF/SVD lexical semantics
MiniLM_emb_65,0.0021698712,MiniLM semantic embedding
MiniLM_emb_279,0.0021608265,MiniLM semantic embedding
TFIDF_SVD_109,0.0021544786,TF-IDF/SVD lexical semantics
TFIDF_SVD_204,0.0021406068,TF-IDF/SVD lexical semantics
TFIDF_SVD_104,0.0021358759,TF-IDF/SVD lexical semantics
TFIDF_SVD_194,0.0021302484,TF-IDF/SVD lexical semantics
MiniLM_emb_81,0.0021181402,MiniLM semantic embedding
TFIDF_SVD_142,0.002114259,TF-IDF/SVD lexical semantics
TFIDF_SVD_130,0.002069264,TF-IDF/SVD lexical semantics
MiniLM_emb_234,0.002014203,MiniLM semantic embedding
TFIDF_SVD_141,0.0020118891,TF-IDF/SVD lexical semantics
TFIDF_SVD_90,0.002007839,TF-IDF/SVD lexical semantics
TFIDF_SVD_76,0.0019873034,TF-IDF/SVD lexical semantics
TFIDF_SVD_157,0.001970994,TF-IDF/SVD lexical semantics
sig_data_loss,0.0019690008,GraphLens impact signals
MiniLM_emb_49,0.001964826,MiniLM semantic embedding
TFIDF_SVD_105,0.0019446467,TF-IDF/SVD lexical semantics
MiniLM_emb_325,0.0019398673,MiniLM semantic embedding
TFIDF_SVD_237,0.0019327867,TF-IDF/SVD lexical semantics
MiniLM_emb_60,0.0019059336,MiniLM semantic embedding
TFIDF_SVD_162,0.0018815339,TF-IDF/SVD lexical semantics
TFIDF_SVD_33,0.0018787041,TF-IDF/SVD lexical semantics
MiniLM_emb_376,0.0018680257,MiniLM semantic embedding
sig_regression,0.0018458356,GraphLens impact signals
TFIDF_SVD_86,0.0018451968,TF-IDF/SVD lexical semantics
TFIDF_SVD_189,0.0018302188,TF-IDF/SVD lexical semantics
MiniLM_emb_182,0.0018129405,MiniLM semantic embedding
MiniLM_emb_349,0.001788695,MiniLM semantic embedding
MiniLM_emb_13,0.0017503473,MiniLM semantic embedding
MiniLM_emb_364,0.0017385969,MiniLM semantic embedding
MiniLM_emb_139,0.001737251,MiniLM semantic embedding
MiniLM_emb_108,0.0017174174,MiniLM semantic embedding
MiniLM_emb_10,0.0016960679,MiniLM semantic embedding
TFIDF_SVD_150,0.0016869075,TF-IDF/SVD lexical semantics
TFIDF_SVD_202,0.0016787839,TF-IDF/SVD lexical semantics
MiniLM_emb_307,0.0016742499,MiniLM semantic embedding
MiniLM_emb_334,0.0016730942,MiniLM semantic embedding
TFIDF_SVD_93,0.001665639,TF-IDF/SVD lexical semantics
TFIDF_SVD_225,0.0016486751,TF-IDF/SVD lexical semantics
TFIDF_SVD_169,0.0016371381,TF-IDF/SVD lexical semantics
TFIDF_SVD_233,0.0015496891,TF-IDF/SVD lexical semantics
TFIDF_SVD_252,0.0015417523,TF-IDF/SVD lexical semantics
TFIDF_SVD_147,0.0014933756,TF-IDF/SVD lexical semantics
MiniLM_emb_141,0.0014527715,MiniLM semantic embedding
MiniLM_emb_140,0.0014179985,MiniLM semantic embedding
TFIDF_SVD_146,0.001417877,TF-IDF/SVD lexical semantics
MiniLM_emb_379,0.0014105662,MiniLM semantic embedding
MiniLM_emb_170,0.001401365,MiniLM semantic embedding
MiniLM_emb_134,0.0013878312,MiniLM semantic embedding
sig_hang,0.0013181195,GraphLens impact signals
MiniLM_emb_2,0.0013054132,MiniLM semantic embedding
MiniLM_emb_28,0.0012501255,MiniLM semantic embedding
sig_message_list,0.0012256011,GraphLens impact signals
TFIDF_SVD_254,0.0011508241,TF-IDF/SVD lexical semantics
TFIDF_SVD_148,0.0011092542,TF-IDF/SVD lexical semantics
MiniLM_emb_102,0.0011025782,MiniLM semantic embedding
MiniLM_emb_218,0.0010635749,MiniLM semantic embedding
TFIDF_SVD_180,0.0010079816,TF-IDF/SVD lexical semantics
MiniLM_emb_343,0.00092970533,MiniLM semantic embedding
MiniLM_emb_44,0.0009220232,MiniLM semantic embedding
has_bug_report_text,0.0005989102,Process/text metadata
sig_folder,0.00058597315,GraphLens impact signals
sig_addon,0.0005461784,GraphLens impact signals
sig_address_book,0.00045324152,GraphLens impact signals
sig_compose,0.0004376778,GraphLens impact signals
MiniLM_emb_299,0.00037453367,MiniLM semantic embedding
sig_blocking,0.0003181116,GraphLens impact signals
has_stack_trace,0.00012877326,Process/text metadata
sig_exception,0.00012670917,GraphLens impact signals
initial_priority_is_p2,0.00011681951,Initial-priority features
sig_steps,4.912131e-05,GraphLens impact signals
sig_qr_code,3.6721143e-05,GraphLens impact signals
has_bug_text,0.0,Process/text metadata
sig_spell_check,0.0,GraphLens impact signals
no_initial_priority_signal,0.0,Initial-priority features
initial_priority_valid_signal_num,0.0,Initial-priority features
is_ci_log_like,0.0,Process/text metadata
initial_priority_is_set_num,0.0,Initial-priority features
sig_oom,0.0,GraphLens impact signals
sig_crash_signature,0.0,GraphLens impact signals
sig_startup_crash,0.0,GraphLens impact signals
sig_performance,0.0,GraphLens impact signals
sig_accessibility,0.0,GraphLens impact signals
sig_enhancement,0.0,GraphLens impact signals
sig_memory,0.0,GraphLens impact signals
sig_startup,0.0,GraphLens impact signals
text_is_summary_only,0.0,Process/text metadata
sig_keyboard,0.0,GraphLens impact signals
initial_priority_is_p5,0.0,Initial-priority features
initial_priority_is_p4,0.0,Initial-priority features
